Sales_Réel,Random Forest (ML),SVR Linéaire (ML),SGD Linéaire (ML),MLP Réseau de Neurones (DL)
63.35830561,58.18499749979993,60.55063412841173,60.463880458842624,59.203701822442476
182.7487325,184.88397906499986,185.120668597651,185.04646073418635,184.90270523262927
266.9140375,266.3506664389999,266.92168596231465,266.95517386489496,266.35541320060173
247.7805991,252.99109580500019,252.65595614543867,252.72260184591136,252.78236852356326
322.4667969,321.58763463699984,320.23929123002046,320.364085183372,319.39714412910985
283.416972,284.52964977700015,284.65989205777316,284.78187033650187,285.18010562495755
89.84006146,92.07828075649985,92.5528655210393,92.50449518259079,92.85819738877258
147.1501779,146.01362425799994,145.92592304331527,145.9010752196048,146.19803394084929
274.9067731,270.94555151400004,274.05742723191946,274.06325783657235,273.9479128685727
269.9524569,271.35602242499976,270.61565621263395,270.4426488855638,268.8704218799799
94.32551695,90.93299540190003,92.36013400169814,92.58765929627052,92.56484895652456
231.7642637,225.7328787929999,227.61092995215563,227.84992297105433,226.69011011160364
272.5494985,272.03141578100013,274.03505899246676,274.0812596947412,274.54395439406613
169.2336892,166.2831424499999,167.28427323520813,167.27648941627203,166.6739307940479
269.0378784,266.8319898060003,266.83958770033445,266.9680796716168,264.7323115529757
94.6858656,92.89211903349998,92.41132377497902,92.56608354332964,91.8801517971499
69.83370712,70.61209528570005,71.33231798512074,71.08850842637185,68.6353809599806
116.7699884,114.527390387,113.83518981867499,113.89957851640993,112.49562846143583
172.524878,170.91326568800002,170.64003820316677,170.9029101229907,169.4860311962637
134.9564752,126.89703527200018,128.0539676970107,128.1488491081435,127.97648181882484
237.6357535,236.85662159399996,234.82689782274497,234.9238674374137,232.54544019354324
158.2727043,152.17367917899995,153.07441232173306,153.02366867255444,152.1659307650391
232.6702357,231.90850868799993,231.18278151746935,231.4077872512606,231.00675983557898
119.4727749,118.73227777799997,121.11813473520955,120.93821683962535,119.78968777193076
313.0552815,316.6933739400003,316.9824257986326,316.6863483959851,315.69941937517865
144.0515004,147.08008279099988,149.31992287106982,149.5270364565526,148.2659530324168
129.0694862,123.99069714000018,124.45829271667083,124.5957713559793,123.74881780903861
350.2514353,353.6247281570003,355.7912903271309,355.97822193341824,355.16253072708827
176.9729111,178.74626913400007,177.95969241393558,177.94893874268035,178.20558097858878
344.5442238,341.96448224600033,341.5121505480095,341.75622899019646,341.23392870890035
210.0603464,206.815824234,206.3117726943423,206.46410778912926,204.8065589047742
288.3030984,283.1257746829998,284.69658171391234,284.74415632220155,283.7357282329178
355.8934821,355.01619075,355.8812891768687,355.94469010695366,354.7077842953795
251.6252646,257.6687816290003,256.3225087054322,256.2306857613231,254.7062398864155
328.2393781,328.42256472899993,327.3487283235878,327.48300748427187,326.76849990060134
97.55871052,97.8673980819,99.6480816312412,99.63551273971204,99.15134414147562
329.5311298,330.58669772500014,327.468419040684,327.44066511396824,326.1245659628119
141.6144208,142.37543749999995,142.42865316366613,142.32751181956826,141.3026059514855
255.2829028,255.8459861129999,256.2794511074926,256.2678831437675,257.2248578457118
99.48425179,99.13976304080008,99.52090739949202,99.680703215939,99.73170440694834
91.49656896,84.53637026709997,85.30659296895664,85.43869610649344,84.79374871684023
171.7323311,166.18476347099988,167.23071670744153,167.29659232486947,166.50988740175117
108.423201,107.29415746899998,106.72625223746913,106.77285953487566,105.49919359694898
48.86115001,52.877842035599976,53.36800508113447,53.348158998028254,53.95686703573189
184.9717778,184.35612495599992,185.11589929564414,185.04661895176875,185.217112891927
88.80402133,95.1621082207,95.89127942607102,96.15724039563226,96.54245935535306
84.80777196,79.69507452689993,81.91772711447435,81.80419565371037,80.8217755744762
271.5474018,272.8563617770001,273.9272157291243,274.11178259148534,274.24186317192
303.1964247,299.32712270600007,298.86702128146874,299.024139457492,298.4366178547479
123.3034472,120.20317201500008,120.93733769843249,121.00573942976823,119.6323192972804
129.5227154,127.29922586600009,128.28073491124212,128.0490148994024,128.36391434933108
316.6376611,320.1025440979996,316.5547036392503,316.8718398318594,316.31132401232054
225.8049954,226.01221327699983,227.72192227076806,227.82197461843177,227.29769604450792
157.8814771,158.54499603399984,160.14537582555226,160.14099724375336,158.8511251373631
85.80145956,89.28982229559993,88.98902865346875,88.94953278822155,88.17134360789932
37.70652904,39.64752150259996,39.309022355614076,39.049315607317936,39.87911613215827
37.33877488,35.92123903500001,35.6231143494835,35.544074202614695,35.493483803308344
118.859904,118.40199339099992,121.12482658052944,120.93999272616064,120.02688426663747
139.8707439,144.06354542999986,142.41561215494477,142.33848474555202,141.20054549963766
73.19279004,78.22738077349996,74.7748309694937,74.70474099043837,73.56649435150271
124.1763504,124.28134196200003,124.60968044006157,124.53198412173079,123.62606455325353
57.4053155,55.5183276828999,53.438264185240996,53.336880909873,53.172117977051094
52.44377341,47.80793751799995,46.41918882936926,46.170912902709034,46.15496469122139
148.2257628,142.75027867400027,145.74647617389735,145.9831769516229,145.4055119683017
132.5496146,129.35494664299992,131.6042105559689,131.6979970186974,129.9156849866826
350.2593982,349.531392296,348.81509357041784,348.7972490668599,348.71043596302184
105.2733,103.105910025,103.22608846155072,103.17007690405617,103.1555888563946
282.0505985,279.06160228199985,277.572382483827,277.64026036462565,277.4499919665698
286.7701102,284.78149038499987,284.69416568680845,284.7509085857575,283.92766092617734
327.2404468,330.78171290399985,330.9832377483592,331.00481019215033,330.9583779808011
281.7446462,284.4493020499999,284.81014446067536,284.70908662520094,283.62390499710045
264.8282337,264.19878570199995,266.9590985687631,266.9125983406552,267.6889848506353
70.07419924,67.70489726319994,67.67117503282964,67.57803872430212,66.70431605116458
54.88491943,53.407921171199995,53.48039087858547,53.305602106246255,51.93190042091492
62.67089721,61.34755450059999,60.60752630711545,60.42176424406068,58.63970099929734
305.1819706,299.21199917499996,298.92142697825057,298.9946802822119,298.2815134764202
233.8431002,230.0797749979999,231.43974137066812,231.29604643005848,229.76749701065614
112.3154077,116.45537984699992,117.21924879811274,117.52234147978882,116.69782495135642
281.6446174,281.551416397,284.76520413949595,284.71042990859416,284.2706939562809
53.3680028,48.12879690689997,46.39199418054744,46.177859761349396,45.52453100271752
142.6127026,141.62379319599998,142.2745420847534,142.38578372773947,141.45602958105258
331.0288348,328.7352137909999,331.04276038000694,331.0094437898528,330.41295175728675
90.93193458,88.83210096690003,88.79751183045597,89.02778297653113,89.31864850987706
229.5582512,235.86870662500013,234.7005971617009,234.99427384056196,234.92527161215315
248.2907867,244.38726123399988,245.67341555874702,245.53803969542952,244.1773794808642
123.5891212,120.05533626400008,120.8843443348004,121.02806600031182,120.39898028743201
64.05534799,62.33595950749997,64.03646400590645,64.04721661079206,63.48553872030116
338.293953,343.0770512140001,341.7087033386697,341.6878916827117,341.0558161168804
356.5332518,355.29629713699995,355.9162007487918,355.9293682172455,354.8703264482554
353.251334,355.61486749100027,355.85736519589557,355.95165474435447,354.877592875276
356.7467816,354.13502896800026,355.9642881615813,355.9078000071796,355.4547553793318
270.1894,268.68032665,270.48496379082593,270.49227351996586,269.32558742379257
154.8917662,152.5496444829999,152.89374908454943,153.09612115247285,153.86240880525924
272.2501078,265.62211686199987,266.765278612493,267.01851604248327,266.4389815859045
306.4351806,307.55124778099963,306.03795319829663,306.1092901031136,305.12807889425176
257.4434401,254.6705753810003,256.2227735650796,256.27779626926434,256.4680234782957
294.6586689,292.72222374800015,295.34311586889976,295.4363491623269,294.5678679962529
151.2688729,151.7790697700001,152.99237154832616,153.05036053115703,152.55415727506397
78.81257166,78.63300057050006,78.23898531945878,78.28633235693894,78.07137848438587
49.21733538,46.71827140539998,46.16917770248304,46.273547323119914,45.55775728870049
151.1967195,152.80791298699998,153.03810347157045,153.03176664423626,152.45858827902399
54.51656478,49.87313741080005,49.864292675373946,49.779838560017424,49.73259227709038
314.311367,311.4921656830002,313.3296788803076,313.17128451588354,311.83075795380734
161.7851523,167.99512830100005,167.2660626979304,167.2775692773515,166.85902914080486
77.54794767,73.89116646399995,74.60324718146677,74.76778125999799,73.5812079675776
102.8151161,99.47809810990002,99.58509426562527,99.6641717033016,98.83871754287541
218.2020915,218.54357576800004,220.76539094669624,220.62727006479994,220.41320421672845
178.1463431,177.60740993900004,177.85743684435286,177.98626825140892,178.06524732349132
339.2135318,341.31526948200025,341.6111865405248,341.71746578271336,340.6268324707111
179.9306044,185.04626563999977,181.4694205288979,181.53419193324595,181.50552944867044
273.4160805,272.099499259,274.1052099635635,274.0442474528526,273.91388761662796
323.0321827,320.99979482599974,320.28507889048853,320.3452643285957,319.2401133503475
334.7867143,334.2068629180002,334.2064573965465,334.7190262762536,333.4222004567945
354.5724021,354.6847562629997,355.96537287475843,355.91131489066356,354.763407570002
149.8920675,148.83413720299993,149.49624522091915,149.46657708424826,148.58014582219684
331.8671743,323.0520844010001,323.8706213782766,323.8999541975197,322.78620599265895
112.2035442,113.67532238099986,113.70933672809798,113.94853871943026,114.41701655626764
211.2301828,212.03840660500006,209.9408996837259,210.0059862747164,210.48387645980588
263.548753,264.4022679399998,263.14620327712066,263.48438802429956,262.3243325908895
101.2131872,98.18868613739994,99.75202569239526,99.58279303822175,97.07781562217053
151.6920999,152.56587212300008,152.97034530946257,153.0618689295345,151.7568711915986
185.5518229,181.71355097800006,181.40976008697302,181.54491800896756,182.91499933769984
194.0358153,193.85589772499992,192.2121012311964,192.16442245268692,190.4701424028471
258.3127255,265.25287044899994,267.03402217456187,266.9006157819445,265.5064525816953
86.87918146,83.6787604415,85.43158045390882,85.39231757412583,84.39038685823681
53.79021764,55.29671263079996,56.91595450696772,56.93028372744294,56.36303649694715
186.8385884,187.11725551000006,188.71639173446394,188.59544333736474,188.71971181998043
218.1599843,228.65589124500025,223.95427745725016,224.335357585406,224.20413368845757
184.69981,180.74983913800006,181.5353143597773,181.4976909059641,181.6684777349331
237.759577,236.453197014,238.32666959496743,238.52093704192964,238.66592986093588
325.6589776,330.94721103400013,330.9291363299822,331.04111183958344,330.060381397501
181.0543356,176.9633834960001,177.85679911208982,177.99635876469125,177.69298888936754
78.15138175,84.24864142209994,81.70509114332194,81.89550618827877,81.15383189070278
306.3800054,301.914541581,302.44656487321294,302.57904420637345,301.71658202007177
355.5244546,354.17295689600013,355.84977970409363,355.9545918749178,354.86729720574056
180.7850909,182.14947445599978,181.6458472048817,181.45085276012762,180.8382771863902
168.0564913,169.527658923,170.93823339447655,170.78260327830208,170.37183430209953
180.8107207,176.251570503,177.89763456443524,177.9588926788918,176.9416222885066
236.411755,237.45233822199987,234.82782109449397,234.92176531026047,232.294796908541
80.97345703,77.05765290599997,78.14428221943759,78.33873681654762,78.48903723604866
208.8131736,208.00810820499998,206.43404681717465,206.42077341822747,206.14369950741568
59.24360112,60.06223048149994,60.48789070793609,60.47544054743821,59.444892475444966
263.346636,265.230969154,263.2407000317363,263.449532477233,263.20148100702903
333.8372401,333.8911431450001,334.1860442454823,334.73517701762273,334.1631125715284
202.8868815,206.6333928469999,206.27833107703333,206.49119874576897,206.50467845281506
94.28890228,88.19010512859991,88.9097949168739,88.98294451848062,87.8934259991794
260.1839205,260.49392809899956,259.80540076410387,259.8317033385056,259.5895980526788
80.27251748,81.52651771139995,81.97097638215239,81.79201830131166,82.52414717926432
223.0432993,220.42153926700018,220.62544012297323,220.6906150170761,219.85748419255611
295.1684318,296.17967342900056,295.15405164828434,295.5320418465682,294.9571695493244
197.225133,201.31637608299985,199.19114889741954,199.35561972466687,199.34488139539596
246.9671859,243.83204021899994,245.63686522545504,245.5427903998328,245.71457859884129
63.25378214,61.353837161899925,60.53677601629164,60.460865956203264,60.5804372807527
333.8742928,327.92540080399993,331.12779989737584,330.95478917360344,330.7093121965047
174.9861639,173.0818504069998,174.5593600408629,174.31788312846402,173.43351372296462
91.22124236,93.56974423220001,92.55879433005842,92.50647721468863,91.35250972298985
116.7838444,111.70124923100006,113.89860464641076,113.87503947210193,112.59829703233613
179.1407715,176.71834286499998,177.86806036595934,177.9913048474546,177.42451474310263
88.88778996,89.6891682392001,89.06396161396664,88.9275152208824,89.2811465031629
130.3841296,132.05077907100014,131.69050272499547,131.67860856985249,130.79096363288104
161.7170871,167.624488086,167.3997311651861,167.226372480172,167.08842217342433
219.5485134,218.06427403800004,220.72022554029883,220.63435866270595,219.46206878495678
313.8384574,317.3162326480001,316.76511303573534,316.77444663508334,315.46760545285724
166.7833803,167.70300837099992,167.3760085986054,167.22363432992853,166.77308267413824
292.1774167,288.9228771390001,291.94978547294465,291.82310226441484,290.99497591008304
340.6233592,338.937395636,338.0882441244904,338.1408355128907,337.1409252638235
148.9073606,144.50237960500007,145.68876664783528,146.0071331696853,146.12099782144412
349.063226,351.2901326379999,352.2833158209211,352.39581750546705,351.56773338605973
76.99292807,75.84508607819993,74.77853588874818,74.6946802751935,74.65130487254821
56.48493055,61.87363516769999,60.591342533986506,60.42934864296703,59.106965035838
320.1647752,318.9567716619998,320.27684310622953,320.3610246171986,319.7921201312523
219.1485184,212.71329241200002,213.38554459273678,213.61930985057666,214.55692068580277
96.75762967,91.56306590529994,92.51566256910638,92.52582885222935,91.4293395173542
215.1240314,218.79608699200028,220.4816222449183,220.73773186480446,219.82556061380006
353.1339978,347.29455751799986,348.6464104056721,348.86469225026315,348.3745850338476
75.89440591,78.7017204762,74.7839820786233,74.7001813076965,73.67702008763113
201.9764459,197.7567120530001,199.3141375504229,199.31743246220546,199.15409726574111
273.6721056,273.378403821,274.01711672810694,274.07447996707253,273.87803469623674
213.9776583,210.1303338670001,209.90979076322964,210.01448920807147,210.0742789793743
226.9989318,230.94467735099988,231.27440397283,231.37098997711675,232.05085341044224
222.6903721,226.08152072499988,224.0373590592904,224.3095295849517,225.0020326055781
103.8744139,102.73789606499993,103.28703590140327,103.14808114470586,102.67845249960986
43.62627014,41.30891120550001,42.863732938460174,42.62223793339791,43.60686018031091
194.3988008,196.152766275,195.70474361274114,195.7600238969847,195.5812813636565
73.83086992,72.79397525160002,74.86441824135713,74.66297245502143,74.62491294858658
174.5641128,171.68774650300008,174.48603267392608,174.34531165537197,173.7124356585598
195.102176,196.8595308520001,195.74535532846136,195.7513507417981,196.06011858883645
343.7695329,346.31759265900024,345.1496421037126,345.2725187582485,344.7966619917311
235.9204286,237.02614911599986,238.46525003382052,238.45800135970592,237.7462979721098
286.1047156,285.0856042579998,284.80498119835846,284.7145613369672,284.2652920108654
269.5336088,265.87765548199997,267.05073802006484,266.89508578977177,265.54917406377473
151.7553952,150.12648651699988,149.49840356378422,149.45602743103444,150.36052327429093
238.8459113,236.61402919299962,238.31990052582452,238.5113318646078,235.88162626535615
74.53185747,68.43495861969996,71.23510826221893,71.1390565230504,70.00892958152134
193.9000676,197.1184219570001,195.76170933685725,195.74469939237648,196.10004333356648
273.9603772,272.97110845199995,274.1812324768937,273.99771554705404,272.4758464080937
104.0141267,109.06383203900003,106.5453420578326,106.84394862578634,107.09792536815645
229.217894,230.49804962299996,227.52132523124996,227.89357572795623,228.06354603968032
117.1260827,111.55007150799989,113.87366044138079,113.8696886655198,111.4117825779303
166.0693596,166.36446207099988,163.72320713785902,163.6961742488403,162.32628224959797
250.4564617,245.8921210869999,245.51718098248273,245.60156965048174,244.27955697473914
309.2154343,307.8438318219998,309.45737038208597,309.7348515606776,309.40314073340693
187.1575553,189.42519233099992,188.484416130129,188.69097481078992,188.56219286778992
353.8046387,355.26999142699987,355.90073011542347,355.9477226975134,355.27200068700046
159.3518594,154.47268628400016,156.619894650319,156.58484610503302,155.88555722854232
331.0132524,327.4567211989999,331.04471481199243,330.9938770172097,329.7465712265925
209.9028365,210.19914438400022,213.67108361720094,213.47560565567045,212.55011791498458
192.4104277,194.7925807889999,192.02851413946158,192.25635133069127,192.24172011187846
347.5747397,348.1823841479999,348.6154499686488,348.8880161261749,348.611247067767
356.4412903,354.63585016499985,355.95034387154044,355.917778894062,354.6955344278385
189.9670241,197.685204563,195.7684818001717,195.73992042475479,196.219347346223
305.7394717,305.054025303,302.7001931559496,302.45539642075494,301.4747951117421
104.1503565,104.08202045900009,106.63387018369778,106.8071435183687,105.92602239616737
90.57569612,96.4025867735,96.00775636389375,96.11027751050749,95.7422408378033
294.8365076,299.74609809300006,298.94817176788104,298.9872331591008,298.5932859260931
271.2348159,263.783328629,263.26403727844826,263.4331615132831,263.1361039608958
221.5407249,218.27270668999995,220.73610456332034,220.64568072166531,220.17035025569473
208.8825784,203.82228214399998,206.4394307178262,206.43044401596336,205.7530655851799
350.3979263,350.20014742900014,348.8565875441205,348.7904689900006,347.38944324962443
70.88148393,71.60325927400007,71.16781758671385,71.16055022037794,70.51615844432308
333.0773697,329.8060309259998,330.97952870168467,331.03452788683455,330.19362356679227
129.0148388,134.03043459899993,131.64607838487396,131.68941333708716,130.09703801287972
215.3130793,216.07720702100028,217.03643354067535,217.14081473384127,216.4194969343991
320.4397694,323.83590729900004,323.72467375946144,323.962580455046,323.4033880125593
257.3816404,255.0428349609996,256.100229282682,256.3238790632522,256.328058176228
49.04490098,47.58307106000004,49.82654275534904,49.79755330501473,49.48698858545276
166.2003482,170.640602165,170.6929986456202,170.8843018610762,170.02919918158645
213.2245182,213.83983769799985,213.7608725905851,213.45245545468123,211.41891634918818
311.6053074,312.03362635900015,309.5355567159618,309.7017323889972,309.85773287095407
110.7969059,116.18372279500007,117.46345871897819,117.41602161881573,114.96089895754302
60.56969734,56.92100782919995,60.63844266028363,60.42968590401341,60.699253334005675
244.6335186,241.17828486700012,241.97083787678457,242.03597897167705,240.88517859705144
68.24392705,67.10475648909996,67.67502125004658,67.57692197508325,66.59267049185436
114.9270444,119.02075153500007,117.66533240027091,117.33518901133131,114.42721106285258
221.9271739,225.52966797799988,224.09833202186965,224.27934318184552,224.08929434963426
219.3898315,221.27526792399985,217.09055068031037,217.12493553823037,216.9962820653838
133.5416504,135.70598194300007,135.0896388212106,135.29075673333853,134.64287288209675
41.7006822,44.11658489959999,42.686076878842556,42.67085029803965,44.40042593076665
144.3539082,146.96193471799978,145.97658897157706,145.8826133283898,146.62129245762662
299.0457753,300.371722283,298.7003526579118,299.0894608235201,298.79012964344673
144.9858839,141.04532619400004,142.333396984961,142.35551431604398,141.15583912112803
347.8305464,349.79253730299985,348.80681836155907,348.8042249776604,348.03511345836785
116.3442123,118.41920752199991,117.4090877180886,117.45322432262913,115.89304022273534
56.01689561,55.61995739790004,56.85590812750152,56.94062985410298,57.40715239566767
291.3200448,286.99476013099974,288.24632447366866,288.316184450877,287.98951442428825
77.38879735,74.02739301370003,74.96811274238327,74.61624045292544,71.45825447162797
138.0269028,135.141398332,135.28356108853586,135.2164596877,134.7393620998752
71.99035308,79.77976552769998,78.27527891072218,78.28896524434607,76.94692632359354
118.9163836,119.11060480399998,121.11055743753434,120.94673376355136,119.78688258838285
334.5425852,331.14118510700007,330.85671635434915,331.0707204847694,330.7995849206905
250.9404408,250.49619733599985,252.5167131722911,252.7849469015627,251.68237091870094
92.1842394,91.37978351079995,92.50477208519253,92.53002293955352,91.52400672273025
249.1019155,252.1200501579997,252.63943672616563,252.713797646629,250.75615443833897
99.9982348,99.89823453410003,99.64952819615422,99.63797175144543,97.87976630509753
33.77579231,38.03623422320003,35.55970546717347,35.57376656547396,35.58109835675818
110.6422897,109.31453468800002,110.49227241859542,110.25459839304371,110.09864523762806
174.1981389,171.94596867899992,174.53166587496943,174.33371279301346,173.76262462111058
159.0624812,160.3464714489999,159.98202546684692,160.22217348666618,159.1379047141756
52.75285707,48.41663834000002,49.85907837713455,49.76897644254797,49.485175213442716
68.81072262,73.72586804799995,71.21994505500575,71.13328714044061,70.31535419637295
342.952628,341.0659193400001,341.68052541354314,341.689103528004,340.56528446709405
116.1443174,112.40165525100005,113.91676225569245,113.86199048105809,113.00722191512939
222.6967685,218.26751817299984,216.9878311350557,217.14630538123666,216.22444237378681
63.00613477,66.91916217589994,67.7171471528311,67.55305410049873,67.61254474640754
279.4144408,279.5444765209999,281.0023116643624,281.24470609524764,280.92394329048244
72.07541671,72.93359221599995,74.69225627488295,74.74025688169633,73.27918414387081
140.0247392,138.90033921500023,138.6542530734983,138.8428571258305,137.76525926324658
98.52768262,99.16953215810001,99.7905608312511,99.57746705386295,97.73964737043813
322.5673315,321.119455581,320.4421248938165,320.3040508095703,322.1312017053942
105.1633119,99.25807793599994,99.559489940519,99.67666800034468,99.14741859100543
283.975969,285.22309693099976,284.6764946428652,284.76015833682754,284.4740266153538
101.293761,104.52288857200008,106.65417730801418,106.79725955434296,105.81179101195757
151.2248068,148.47919149899994,149.46962344257224,149.4766284001555,148.74906897333975
153.6567212,153.98378247599985,153.34595453840564,152.88884391266663,150.39656956339266
139.5289455,139.19755356100003,138.99983917835345,138.70048237138093,135.57173664188352
162.9001448,163.489990403,163.64709255150785,163.7430580378704,162.74996397633316
54.81334067,54.23211240929998,53.46394248140783,53.31472903083704,52.622000335946375
337.8500686,333.618546246,334.6177830860065,334.56119721859824,334.02249547178263
64.67600576,66.90439830699995,67.6717146828855,67.57921961418006,66.44101230608838
193.2610151,192.31082744500011,192.34197425166093,192.12524145806623,190.98000057697323
61.81393577,58.81851146529997,60.45055252604274,60.50146179536577,59.4391574237155
330.0532934,327.2732903000001,327.4685253742159,327.4525482976223,326.9527655782467
282.7480985,280.60686304599994,281.20774714929667,281.1535830366804,279.62512570134226
94.50404095,92.92905098530012,92.688837026876,92.45164257628788,90.75502908561869
111.4535967,114.00605229700004,113.84858146565587,113.89467253112294,112.48872866853743
82.54907175,83.00543666820002,85.46276034248083,85.37850975843912,84.59955930755164
259.992715,253.85513331300032,256.22160957348,256.2775718298283,256.56311511931784
271.0264376,278.0877792189998,277.5556186497369,277.6503949647701,277.09057789075143
147.5935729,142.62321738700007,142.25501208550276,142.3909624535221,141.59623860749377
123.1219261,120.68014444600017,120.77293277795891,121.08999070177495,122.43316772485923
334.0413917,330.4543378599998,330.9916660763389,331.01270497774533,329.9761271293242
101.8731014,103.84945919409996,103.14162988409635,103.22896316785534,102.96744933922254
204.3054142,208.0339294629998,206.32621548326034,206.4789090317374,207.94179052083746
134.5819911,137.757983254,138.87619516407932,138.75607270213874,139.65043018512904
43.05887154,41.83688492999999,42.874806737301384,42.61701356538586,43.69077051010259
271.1326152,270.49777196600024,270.32210317306965,270.56781287798754,270.3240451868963
162.9168273,163.45944158900002,163.60442190891905,163.76278808067818,163.67967203025765
240.0350217,243.48047359399987,245.78861095977874,245.49571356483634,243.3238020079701
232.1468805,234.82080078899995,234.76532848147724,234.94925706258215,232.31196812186843
354.9664218,349.6842871650002,352.35954204794416,352.38367242997646,351.85702153756705
256.7731583,257.1608097729998,256.17081601405954,256.29118082194134,255.30436881106363
169.7622455,169.2009546999999,167.27620735179843,167.27561462092496,166.96162226909772
112.8147944,121.12468708500012,120.97771463093223,121.01238029224173,120.33485739077892
228.6705497,227.8006989979999,227.5749953223391,227.8760602551456,227.92856171883176
236.0287822,239.33006896500004,238.50144934007795,238.45373881628882,238.33913026675293
93.88105612,92.51317845180002,92.60815712597346,92.49234777055351,92.303074091963
160.5796388,153.97644470300014,156.6455174257286,156.57482823096808,156.36617795602913
271.5422959,275.6000225240003,274.1484419858939,274.02620635163123,273.3745991954152
94.77142622,98.02368035290003,99.74084548507045,99.59964099159271,98.7739818482115
240.6929268,239.02615506799967,234.90672270087794,234.90150473869755,234.88062735156245
71.37816586,72.29794269620005,71.13247597455641,71.17408971492618,70.37382584652903
277.7545,271.97056937200006,274.0450986315348,274.07383114989364,273.5147990441623
220.1068272,217.21373672600012,217.10263865395495,217.0956137716487,215.2375439519827
124.7625062,120.87260581700008,120.9349965296982,121.0207870534238,120.7509451104137
55.26128448,52.0787776261,53.3453089861664,53.367783668024,52.52940481980677
269.4416982,271.2325669479998,270.3217002922118,270.57527857038036,270.3981569276624
263.5298439,262.1547865660003,263.25414742004983,263.43028940095127,263.72982710466505
215.8630212,213.3659962210001,213.44582752222118,213.59880293264757,214.6147563579012
57.15088632,56.535708591999985,56.888356238663675,56.93840709076355,56.15562450265333
149.2324311,151.13049733300002,152.9733567546799,153.05632426314355,152.56348806301963
347.9878618,350.580054354,348.8643564870698,348.79646263414475,348.44952282922833
154.549281,147.76521128699986,149.59604851963968,149.42408779387497,149.3843043997644
125.3289243,123.83314212799998,124.45530416799687,124.60419932828903,124.56476343466429
156.9208771,151.86515803199984,153.17552573287213,152.9762563218165,152.42488740857118
300.5584458,301.018896966,302.47883654890336,302.56645210260507,301.68582903930127
246.2388495,245.586958518,245.42780526400546,245.64386724667287,245.87776751000843
196.4379226,199.54209906900005,199.2746305557871,199.30987739301636,197.33352417086869
142.3453845,137.93555496800013,138.8037657681302,138.78857958820794,139.1584097198049
262.4962475,261.023348028,259.65757853471905,259.8868450222658,260.1493141336662
55.67769137,56.817875567500025,56.85448805467519,56.94679578683562,56.16644646939142
162.1913335,165.94877933400002,163.6523757943709,163.72956817693523,164.9801863917749
260.9790138,262.2354968580001,263.3745883336737,263.37842972911244,262.49133653661846
49.64602089,50.110978751900014,49.7540727520514,49.8189243640343,49.41110787463756
334.2548231,326.52231150299974,327.54696360267894,327.40555502490776,327.05823959545813
343.089786,338.6247363430001,338.1343663045083,338.12278607199636,337.2371137983609
150.9429499,147.8549717219998,149.69532080088698,149.38559704762775,148.3340492485597
291.8816194,296.5263905100003,295.5441234001365,295.3469445042967,295.4009796261287
177.2435407,179.7374948089998,181.5333775456676,181.49292576703058,180.55532486422226
287.7861637,292.2251278290001,291.78906946721764,291.89208912821135,291.1257162725983
85.86261155,84.97580330819996,85.45867739018111,85.38661072629895,85.67574375171178
321.7504669,329.80502835200036,327.4451017158008,327.4579326132081,326.9202343198582
248.1605299,253.35874261600006,252.747924619776,252.67689345593453,251.2758626236832
107.6954038,103.45201464169998,103.13579145893777,103.22571798793581,102.4176732797903
267.8036097,264.60074312300003,266.95358109552393,266.9192936860672,266.2642057363028
210.1216408,211.9487951960001,213.76113569857796,213.4438410865757,213.25416434906901
188.7849519,187.50693299900004,188.73373970217781,188.58756214670345,188.49437229807376
332.5900956,337.374679559,334.4558947205878,334.6257619405595,333.51419939892224
289.1757587,289.66414349200016,288.10571647960415,288.3750816700968,288.29670725617274
61.21910758,61.24551104909994,60.55249870244813,60.45367958632784,60.777134380444316
242.4652608,245.86813988899993,245.49728646220643,245.61661411492562,246.0382408298197
46.00775135,46.78565764740003,46.29906351115591,46.22684224985244,46.026138856147554
236.9798995,237.1104274810001,238.1731962553089,238.57954757661255,237.0617442559635
345.0030328,338.639170088,338.16810560826684,338.1105630637444,337.13483619298125
61.88191017,60.66243708300005,60.579954174634935,60.44585155260654,60.900900319282556
183.6277168,185.32622741100008,185.09940257154724,185.05455926819164,185.19365813052195
136.5902837,137.61797585699998,135.151287651042,135.27509479786156,134.92972828931437
40.69035888,41.34238209380001,42.70409200418922,42.68037007478918,42.38386334224577
182.5264574,183.50094731099986,181.39329507992747,181.5648788052155,181.4230479807295
106.6131284,103.620768974,106.82843222898514,106.7296739374462,106.00389091109342
210.6886426,209.8596355880001,209.9469515366024,209.99812576945143,209.39463770526373
237.1121183,236.10177954699978,234.8594008418788,234.91598961903162,234.19922553855466
228.5646491,228.42389619899978,231.06665930353418,231.46311072516033,233.31305555547112
240.2716802,229.715137372,231.2947833082729,231.37649283203487,231.1035986301932
313.1249453,313.73590101800016,313.2087513206501,313.21314646024535,311.8523407146143
314.8906177,318.33379981599995,316.49440308575686,316.8901412933495,316.2617108942305
106.652765,107.38327700400006,106.65655013918175,106.80265618616315,106.44609008349696
339.115278,335.39258825999985,338.1214534089461,338.14924536784855,338.7844180250155
355.9261224,349.3284840230001,352.3711417532705,352.3629181127406,351.4920038578139
260.7008823,264.0485693490001,263.39473665183357,263.3743179964015,262.98664785341344
295.053625,293.5670356209998,295.34115085085625,295.4438191618268,295.0363493455919
89.66739821,93.37879641840001,92.51010165857467,92.51095635141337,91.7848046588992
140.1370074,135.01613542399994,135.22267667569685,135.23747770721974,135.28807556613253
90.33315235,86.00765891289998,85.31183936610739,85.4397136013983,84.22536815982654
148.1300442,143.7485760610001,145.82217301608597,145.95746019270175,145.71448377231155
226.5692067,224.7572229929999,224.14089754694635,224.26136022995675,224.4702535288127
56.81533661,56.18264949359997,57.05368365463332,56.87508573531946,56.60335883423484
67.58062238,64.79262691789998,64.11889617329328,64.01778069487273,62.859431919723356
341.4376388,340.1283809300003,338.04328051289053,338.16560618654177,337.6637884498889
53.43080271,54.65964348819998,53.36852068986556,53.358614242361995,52.776139046311094
98.66788298,99.38036417050002,99.59038087983159,99.66190303198226,98.74536012948086
153.0649097,151.9702052379998,153.17459943720684,152.9753726141692,152.58587878559928
44.84905295,46.98977585610001,46.30271519407182,46.223669850437915,46.18337707380901
350.3919102,349.08185082700004,348.796543443288,348.8067778879141,348.27217022127996
95.10306677,97.23191445149996,95.9266450868688,96.13228017615326,97.21909055345994
159.6309441,156.61529138700016,156.62996994517383,156.56659992870686,154.9070174272606
44.33881055,42.7283730605,42.78436014166084,42.64012500692144,42.05990475920562
274.5838423,273.5373673990001,274.13258714234235,274.03246032784875,273.50939855864016
152.0813142,151.8917375259999,153.2759602223893,152.9303285332032,151.4866305585246
96.7459122,96.77273056959993,96.05383469529677,96.08398847959161,96.02541930634551
327.771081,330.6198520049997,330.8867345610655,331.0716684773158,330.1378956279628
220.344136,224.90145571499977,224.10245876479172,224.28250781197366,223.20967395894849
127.0595564,122.71667425400004,124.63367629998635,124.52499216460272,123.90847678358365
102.2791829,99.85925760630003,99.60548003266433,99.65752789741038,98.55417853372316
124.7621206,128.67229208099994,128.00857028026851,128.15869064092442,127.29359338979084
233.4035373,230.2470855119999,227.80250520713102,227.762224131145,226.35536741572247
64.50258019,63.36386500739997,63.97855751176213,64.07036093496133,63.09067956066743
202.3870613,201.5520874160001,202.79145518582595,202.90368561171485,202.29839845755555
245.4635049,245.57734469400006,245.3350462583652,245.68158397852952,244.24157624832918
309.3616681,308.1937602689997,309.6753151481168,309.6533704559811,309.0578886630739
120.067237,121.79758715000006,121.02392082494696,120.98780305418839,119.40479751112834
37.99292289,37.53503841880004,39.19869127639649,39.098289193849695,39.183281597852066
243.0816632,244.29022238399997,241.94575235185874,242.06196012363674,241.41528673487022
145.7346993,151.53259030499984,149.58945514165237,149.4231567718024,149.66084744034777
129.9458887,129.44616238900005,128.0734004430874,128.13742837048846,126.93949334088033
282.8596166,285.0176703989999,284.6314310464626,284.778558341389,284.9657044308814
63.57169598,61.40033646120005,64.13347048188538,63.99643799895844,62.759592605817325
303.0409934,308.048835339,309.7445186322434,309.62082593087274,308.3622649925903
116.6798911,118.58081113999991,117.52487513265828,117.40412044581802,115.99427060175002
288.5305831,291.37997318000004,291.74964211667043,291.9051315204203,291.32864049596895
248.312749,250.2651726299998,248.72571809268976,249.3143391068316,252.25250867181558
98.78179678,96.93113729339991,96.19722366949681,96.02084121224988,93.62573632814038
330.5522981,333.02528812500003,330.7488838663441,331.1209432999381,330.39467377175725
183.9145347,184.84194403899986,185.0014198909894,185.09165019782068,186.07629052838365
198.1521866,197.51317998400012,195.93383744164976,195.66216268265032,194.18913171675337
193.559832,197.00230425000012,195.775848540143,195.7405372220778,195.91690315960068
150.1102653,153.78290805899988,152.87601482227154,153.09404076070356,151.8876381639967
305.1813506,301.458056757,302.3951113806952,302.5934077929755,302.2711308276099
345.5559312,347.05509379000034,348.6043493843889,348.90395218832856,348.1819788035304
352.8999567,355.94270585299995,352.36768467713,352.3593076308689,352.3587005464461
152.0970558,154.280942152,153.0010339308367,153.03435016643576,153.6993900956894
167.1158814,163.78752711800018,167.14858436860197,167.32017893627918,166.19112456973215
105.1757641,99.02820155799992,99.72724623695102,99.5920358172305,96.99436402502218
351.8073281,348.6453212530003,352.42027531409485,352.34094110729234,352.07850821893425
192.0977956,187.55829536799996,188.7873021977166,188.55951931457727,187.4104525026928
142.3331263,144.274906044,142.43151238907993,142.3229714255006,142.32196313095807
35.54799802,34.65643922010002,35.50746072459532,35.591549336976186,35.59786453816769
70.07728116,72.9897988932999,74.5842882708797,74.78087940888292,74.58694455100684
213.7171527,211.22831831400018,213.6126337580895,213.50603465206052,212.4830821809781
134.1887091,135.4431613710001,135.44788807213394,135.14148703224666,133.7580653559616
235.5765291,237.24957473300003,238.31852601641276,238.52715198916357,237.94932104319605
348.7073438,346.816053172,348.7696583594687,348.82651722637644,347.9787891705595
53.62777047,54.0382894887,53.44195796739305,53.32262168644081,52.544254129382516
225.791715,223.46821117800016,224.1700932359401,224.24039208288391,223.08793465649964
119.2234816,114.781379595,113.99701875532692,113.82871237079706,112.53968241352781
352.1588725,354.203230688,352.16080645405214,352.44833868969744,352.1990741656941
269.0373261,270.1833627909999,270.37222500327647,270.55009702151074,270.74274779369216
250.1517552,253.94325951500005,252.77180917784537,252.67273269790746,251.81503483754653
136.2090591,129.850495649,131.79821992610368,131.62188665786596,132.1135708896243
94.73689499,97.78527998439999,99.62754650059027,99.65209273308103,99.73607067752678
226.5901704,225.43969832099984,227.8152839880082,227.76135062788288,226.76194749570013
72.2164468,73.77674031649997,74.90603908317902,74.65127050016385,75.88870145970596
328.5020583,329.5214194190002,327.3824432356081,327.48939157385655,326.5384416952414
285.2438359,281.4576519569996,284.6895901686405,284.7393908621802,284.03666615983025
57.90089101,60.16555926719997,60.421634734979904,60.500721823942,59.70854654865917
218.7967423,218.09517635300017,216.90763747790064,217.19088479628695,217.42448297475278
72.67845873,76.15286962519991,74.77990429449878,74.69605407030669,75.15612987637537
36.91917963,34.858371983299996,35.56624128248987,35.56213906217684,35.5729592505941
130.308934,129.4642148239999,128.10112077178553,128.12337536603118,126.6654183036741
143.5374924,142.17741773599997,142.3704201660294,142.34822202321942,142.05363352252513
54.57855736,55.31725314410002,56.89605871238365,56.933390542622845,56.15276850908471
147.6703206,147.0144243379999,149.41422880276468,149.49362880430272,149.66364887608472
199.278153,206.52713773500003,202.80843794413022,202.89308390130486,203.1143621447385
197.3528053,201.68116633700015,199.38865686364193,199.28152772198393,199.14171364205595
283.1998889,281.4576519569996,284.6788867675381,284.7437877450237,283.81650266410526
186.8078147,187.541141891,188.73863033694698,188.58646053149536,188.5677852250336
206.0515677,204.83401130100015,206.48687926840353,206.39015931180424,205.18312718079983
229.7089662,228.26031600899995,231.34676670003083,231.33442032515734,230.5021649051169
302.0600166,299.5264595480002,302.4797751117328,302.56515971819596,301.66850974290145
284.7087359,282.30174193900035,281.05790985304685,281.2331041698368,280.66676150920136
238.3714378,236.85230957699997,234.864816558237,234.92558587074072,234.6924007182368
166.9758535,164.28417342099993,167.3989375072379,167.200265124515,164.76018790958426
36.97050118,39.682392749200005,39.10130169137463,39.13023223037928,39.26752013352095
40.56580781,46.90758942530001,46.199500270505155,46.267254201370775,46.06870519959174
85.58550551,83.95070778909994,81.689574789996,81.89881704428012,81.17160335031662
195.7694205,193.72375594499994,192.05908406096776,192.24468010879787,192.18991369256509
65.65345809,63.65850855440004,64.10879792617057,64.0150204527717,64.53425672230067
89.94940175,88.00181952520002,88.84823996795406,88.99493653755648,89.82166948352611
277.621554,275.6157470030002,274.2281467468123,273.9915015719323,272.12951542609
307.3440522,309.12163892300026,309.653594960738,309.6522800596731,308.36874920930455
347.8776156,343.6838379209996,345.21146745675355,345.26138059893617,343.9422338342456
78.92808435,79.51715616010004,78.34540579387712,78.25653824584674,78.56867470549325
79.85053634,80.4224006969,78.26178304921534,78.2952907364443,76.88687821443618
326.3936019,329.08654418500015,327.21858884668325,327.54816639941055,326.9679710825324
97.50795879,95.18139848679999,95.94369544844962,96.1359970492125,95.71763253550367
234.7771716,236.20519277599993,234.7933604404496,234.94836444274725,235.5034833589437
159.5372458,153.30537054099995,153.0697080815056,153.0145058604736,154.97869333607545
168.7785465,168.06575662700004,170.97824382399938,170.76213344627834,169.65524179850763
260.7418065,261.45874342599996,259.9714866688621,259.75894035433595,257.95854382976654
94.04105463,97.15970939029995,96.17255871177555,96.04220549990356,95.53773390132174
286.0021775,284.07069214399985,284.66688364059337,284.7597329458978,283.8229727887472
62.79673032,61.52488617259999,64.05876090782884,64.02781508287784,63.241074727515006
44.47479316,49.37072883070001,46.20495951074366,46.26149878287427,45.4733517734662
194.5256135,201.33654423300007,199.19043442273303,199.33714119928948,198.31198752187768
202.9779971,193.95692303499996,195.7128659600129,195.75799434534716,195.61123836459365
266.2170235,264.7784350069998,266.8754523119542,266.9626390052402,266.7633918502523
196.3964655,201.2759212639999,199.2368230304588,199.3318778695173,199.2834279218331
48.94457673,47.53752809200004,49.820995648565145,49.799307397177785,49.4353623318766
274.7071,272.3420704179997,274.0554974890822,274.054965049178,272.79947646695695
179.1528586,183.53090293999995,184.99131676120248,185.09912046104623,185.63392323015427
218.092673,216.97185620000005,217.16778278813896,217.07413313310192,216.38296671555744
252.7059463,257.04959952299964,256.1768264198034,256.2840591940943,254.1555228536912
165.8408051,166.07797437800002,163.80163585473582,163.67283055236467,163.9359476318046
225.8508972,224.37909417799983,224.1238271211661,224.26926487549537,224.23601972027376
336.1285185,336.101214935,334.38587751471584,334.65082852954157,333.6927071050126
287.1502956,288.1969159330001,288.13639054199325,288.35517285905667,287.18004066756095
319.9056448,325.1301938490001,323.9432948557869,323.87699859729344,323.16075772254516
36.83150956,44.49285329300001,42.63776081354922,42.70782892092282,42.474214073662075
245.979961,244.24934718599994,245.57487838411757,245.577418787545,244.8335462605591
241.230924,242.05999896100025,242.00800719931715,242.02662202319766,241.82699903343098
341.9124151,341.9406866600002,341.52616663076793,341.75876727589576,341.2731359508462
166.7506926,169.2770519659998,167.1788736362016,167.3062158017141,167.33941222968176
68.7327865,67.14951298099992,67.59936786857295,67.60759986750452,66.5792809586922
332.6334624,336.2631850710002,334.4437829302566,334.60751602368936,332.73454598766426
252.0882419,249.9866203390002,249.07672899400563,249.17895322321664,248.6425348825654
178.6016611,172.98131414899987,174.28910957838497,174.4381850376753,173.86691425380576
214.0505181,218.40704823700003,217.07466152442282,217.11208024302212,216.2382528399433
40.69590144,35.15580528029998,35.57524327445651,35.56311954926326,35.16081600980335
328.6740039,330.2020976820002,330.8928480767469,331.05438106228553,330.22937072217775
227.3957651,230.58917331900008,231.30162750108877,231.3668262187017,231.20841961304598
352.9301142,349.4722560720002,352.42158603992954,352.3391479650181,352.3066485224427
37.94248252,36.34256804849998,35.61010596800702,35.54627094484022,35.3170567034339
207.3106406,206.04700069500012,206.4645450672356,206.4009981581378,204.96570913743534
43.06509252,37.2042443693,42.639496334405095,42.702902543115215,41.902608451263795
232.9948515,239.93608497699998,235.01483869559326,234.86652019476554,234.69613210767335
72.20876316,72.96224075659998,71.3046401071157,71.09692334192077,68.67929975589838
110.3748636,113.7903994169999,113.74103448710127,113.9355175664566,113.82439058193657
253.6104113,249.68848468599978,252.51387518959842,252.78116508646053,252.54136797936508
108.8853159,111.93989150000002,113.98053200800558,113.8272208304573,111.94980594367684
209.0179563,208.59504939199985,206.3528600596115,206.4669290227206,206.10891390204438
37.3193283,37.08636385309999,35.626675933223396,35.5381526008714,34.75467225664796
101.1209009,104.84990596210004,103.30635669560047,103.15083445233292,100.15771208743978
119.1270308,120.40102011099991,120.96668403219043,121.00447605132621,120.19335849583015
44.56330667,47.434880118699986,46.1939998494249,46.26079761965934,45.60671748238824
208.923077,202.15431217900013,206.5052437936508,206.3846874215795,205.3423934831659
164.238952,154.2663931229999,156.42650323118798,156.66238069064798,156.26901332894056
136.5731341,132.8604923989999,131.7247905831513,131.65926750814322,130.31280995579243
182.9061686,189.86803983399994,188.47399581084898,188.69295929866072,188.4596864043857
230.1243479,223.995142022,224.18614993931413,224.23610000135574,223.8520210348774
183.7118744,185.11525593100004,184.88236327194804,185.14425850433025,184.05736351952498
44.24211889,49.046335403899995,46.19176588159877,46.26612785802138,45.47720242713665
88.14692956,90.29411515640003,89.07594619073015,88.91787292625288,88.98473876858986
216.9042717,220.5827588340002,217.04930289919687,217.13803664540382,216.12965964311073
202.8761601,207.08184304499994,206.26525862931044,206.4903112447478,205.9421393510077
273.60741,276.52227943800006,277.58491760313,277.6246079952974,276.4953990539938
292.7546803,287.2119344929998,291.84948829063796,291.8648952158337,291.45382932001166
302.8650743,304.0183127829998,302.2849341359099,302.64186523919085,302.02964248193615
162.6508972,157.4833110499999,160.31119938316897,160.0932077284279,160.10585099284043
308.3930492,304.63059085299983,306.0124876349039,306.1278007757348,306.05557968667205
111.1277488,108.26210200600003,110.24607008059016,110.3538286090039,110.0516606039733
44.06889906,47.55289317770003,46.22157761673594,46.25895054814316,45.63585404323367
220.7649727,225.88352342599993,224.03956921528209,224.30534264591466,223.93867222492065
337.4651734,338.20754080000006,338.185359297397,338.09934340473825,337.9574351192581
342.374752,338.56394596900043,338.01034936307434,338.17365416104775,337.30828701307064
164.7562034,164.12921403900003,163.7447439200091,163.70095317970618,164.32070768931294
201.3638581,200.13602864200027,199.45727718895,199.23445861071633,198.14088883561965
246.4947988,249.46584157000015,249.1093200862394,249.154976656037,249.45678183455067
37.08405319,36.03748825610004,35.57378736113213,35.55773464678376,35.40475588004633
247.9551456,244.7370492749998,245.70652274285305,245.53470151890247,244.73525957829816
210.5037124,212.51522004400013,209.91534660405532,210.01559354716792,210.43130195993368
315.2058902,317.41228076,316.75587656871846,316.776260614732,315.40168082728417
327.379636,331.013830303,331.0116485802613,330.99826479746883,329.91649710603207
95.88047198,93.87969195929992,96.1450696415488,96.06151169075896,96.0123036400109
276.9190626,276.08857997299987,277.4974614680074,277.6747592579096,277.0914460380413
233.0850067,237.99330851200003,238.34044569217343,238.5221096505411,237.51079534010313
304.7437748,306.311396024,306.12546497860427,306.07655275878165,304.62254828006667
279.7655483,271.8275179740001,274.1048050608546,274.0333135943034,272.60671439182613
176.9483511,173.43687841500005,174.37450519724257,174.40327903150475,174.2753854352813
219.9001444,220.89998950700024,220.61220721844325,220.6961608258538,219.77596286771166
105.6008625,101.97319985879999,103.23862143803656,103.18529158971933,102.01354342862275
53.2142485,54.98665926700003,56.992014337617405,56.89694901047238,56.88844231273305
351.0736614,351.013371731,352.335486486085,352.3867417625083,351.9836113917178
273.467668,273.49589070800016,273.93012951454284,274.1092337386662,274.3577816012185
85.56280693,92.60925055359999,92.45833140844042,92.54263779509385,92.13368696693577
48.30375112,47.26772797900006,46.29678251446191,46.23147640915025,45.26949388561139
129.8158556,130.92813065899995,131.45516971492444,131.76133468456834,130.36043153059313
355.0516262,355.7617077180002,355.83063401130676,355.97367578508664,355.23284887935466
281.5928898,280.3356375960001,280.9321991541059,281.28989131782555,280.5630775647741
59.54822642,62.81412691499995,63.9619496389797,64.07046510472249,63.37018351325701
222.0800056,218.57064246500013,220.53535771246285,220.72195615609436,220.2542959540284
258.443524,261.90414374800025,263.21780952961484,263.44738774714466,263.56059126216445
194.2430827,200.69726420700007,199.4150306220862,199.26634398871613,199.21053050197267
135.5300789,133.7941611069998,131.59525022426928,131.71242256390119,130.8274270475925
99.31009056,103.0567150827999,103.1502535077226,103.21736645391013,102.6272634498185
272.4127729,266.8837739110002,266.7606582069734,267.0168474848663,266.84460332547764
210.5717703,208.423236061,209.92172778210477,210.01878619225897,209.46785777536957
53.54400783,55.51633275290003,53.45412848895262,53.319339703294105,52.838279401678825
350.7275252,348.8795271419997,348.77197951332005,348.8282675207329,348.4223492771245
276.0838978,272.71059193800016,274.0079663408179,274.080032472864,274.26390632889087
321.7444568,316.52429536499955,320.23792589123934,320.3751958507265,319.8892410665901
343.1144234,344.06731103,341.5889829921527,341.73006516456917,341.19598595320537
142.9248859,137.99815881000006,138.8369293869565,138.7709503094025,138.78074743477654
40.91116356,41.92814172870003,39.25042549982285,39.06450727990929,39.369907666109086
43.29659298,49.3402170604,49.72706110061057,49.830832650752285,49.322403324693106
316.5400344,317.20386987200015,316.7562521315754,316.7853559170319,316.47079334777544
222.4692477,219.24132112400017,220.58851466891772,220.70276884472545,220.1306023563361
170.4486331,168.8210475060001,170.83688088896372,170.8184250976932,169.8719472612058
327.6536439,329.9094268840004,327.39641562690497,327.4904269001768,328.49451989323285
217.4423705,221.920595815,217.1534831504018,217.0882281018079,217.41088681386105
94.71314891,96.85734920359995,96.03089115747755,96.10195394153382,95.38943495336208
224.8081681,223.70177245800014,224.24231786070976,224.21938916796148,224.6884873003246
154.5326132,152.19347475699988,152.90809179616642,153.08393682699398,151.5641508038956
159.7073365,159.294009387,159.93257229392526,160.24401609655362,160.63109360789258
36.80730812,36.23584653600003,35.71315134604956,35.49887851199614,36.524132125788114
241.2374276,242.62453050099992,241.78115357352598,242.12502408940247,241.54769051448622
213.9523895,213.30113879300006,213.505303085042,213.5757157977429,213.51946013610288
239.5680872,243.86476386399994,245.659338043692,245.53020874280273,246.33439654789765
46.75765774,47.68580747560004,46.22429000526381,46.258213232684284,45.563120730888514
145.2658074,150.0728778379999,149.29058354699518,149.54563287279385,148.8536326953529
133.2701918,129.40390473600007,128.01493933383927,128.15788607351223,127.23223489600589
211.0777734,211.28691370299987,209.82371767182715,210.04851546771994,209.48058310183066
272.4213353,269.569403453,270.44266232199493,270.523622169546,270.58038721143635
103.1628319,98.8174826151,99.5452113491626,99.67949482571917,99.48634379718737
109.8232067,109.57754118800005,110.50855210816151,110.22849997738324,109.206831551245
311.743669,309.3074560789998,309.7699234440761,309.6031965159772,308.3610216984061
100.2865105,104.79444739850001,103.15214425224424,103.22101940424363,102.05668182664982
161.1069719,155.98314432800015,156.7030052506408,156.55759032547311,156.49645101810523
218.5678072,219.77513567499994,217.09803324732013,217.1073952415465,217.38251441688112
62.19423217,67.30039019630004,67.54542819311618,67.62382059648432,66.61285508277335
191.6180402,189.58413535399993,188.6209514375347,188.6337953191957,189.080894636306
330.3909663,329.88519793299974,327.44643888610074,327.4443902448385,326.937136625207
223.5338943,228.31620589999991,227.5770642676664,227.86672878363572,226.70909716859126
73.87341975,72.24358771529994,74.61964095877546,74.75727617067784,74.20430072169361
227.8855712,227.81531586199992,227.77212919985925,227.7910256324867,228.2308436623021
66.49664423,74.42464967709994,74.6719067670219,74.74668422281147,73.22252356526838
230.667327,236.79239531299987,235.0465312469498,234.84134522965738,233.03486752711277
252.1202089,252.36124618699995,252.68043526519517,252.72313597124798,253.13079978387148
267.7373384,261.7112857649999,263.25861823205634,263.42435762153485,262.9509673837359
247.6436233,243.3239048379997,245.63127413144844,245.55829288895902,244.3165633500326
344.9207919,336.7922124960002,337.99285123945276,338.1905336551049,337.4839521452721
196.161492,196.47307372000003,195.64993139978196,195.78165384880873,196.2563822988
301.3706769,302.3020911370002,302.3696654977947,302.60047754941513,302.6932949335124
294.0207823,300.66292131899974,298.91222596876776,299.00538232828245,298.5865142131114
277.0929501,275.9686264640002,277.8190428746017,277.5366961889465,275.43114208642896
330.6437143,329.23655735699964,327.4343739653567,327.44790551415286,326.5030388298622
98.92909094,98.35961319269994,96.15273177932514,96.05570422037873,95.09315111900635
212.4086283,210.69951526800003,209.96467678729806,209.9885499084586,209.1577331138435
285.4800485,280.86254130599986,281.1972261900826,281.1585350783009,279.5098716945668
141.6677011,141.14160452399997,142.37552043829564,142.3367368227169,142.1983939373303
340.9498167,336.883966999,338.0849136178729,338.156309971867,337.3790833555299
286.0745214,282.86346383899996,281.1494885195099,281.1860257492791,280.3833708349608
118.7427187,119.73525229299996,117.47754296971095,117.42388577429665,115.54229357371112
38.86596606,39.159966125500006,39.1061812052624,39.13244460012217,38.463885401103845
219.8772941,219.81691156299988,217.1635580799944,217.08076283050795,216.5762093593654
223.6224376,218.75693741900028,220.48423533729346,220.7371272898153,219.89271251418427
290.618183,293.11157059100015,291.672845886976,291.9349625408127,291.51209647992346
264.2218327,260.3127061909998,259.8028475677952,259.8195109603744,258.85253844304526
351.3896605,351.2703977270001,352.16623317238543,352.4578147163618,351.18786556982434
145.7086026,135.64522967899993,138.95176140757135,138.7319926020361,139.02816026749713
194.3564249,195.05464756300017,192.1568747790955,192.20865517033073,191.7553261544169
138.1138112,143.48858218299995,142.49535427223407,142.30383752257225,142.13911070712814
107.4545729,104.13242517400009,103.22486716086472,103.19658007142105,103.02057361076731
353.7470106,356.8743408580001,355.7109059906397,356.0203239245968,354.9876254930408
219.6017346,223.86191558199988,224.14298965124527,224.26940808748873,223.4011931132765
284.1730009,284.0401643950001,284.6127348154186,284.79775077451404,284.38816051940205
97.30120741,98.43026794350006,99.77221430864215,99.57843607824898,96.36301844519991
344.9342002,345.08686965000044,341.3929440671932,341.82127294184147,341.22947547356733
56.32163683,54.88212923840001,56.8594063034644,56.94653803170726,55.78558559434348
184.1005902,190.30128372599992,188.45082499711862,188.70845568259327,189.9889587332658
133.9665006,130.29944426500018,131.7437457315341,131.63820589444708,130.82568474556263
75.77689023,72.09211572170004,71.0582824075282,71.20617524448524,70.75229634705985
98.16192205,93.25365923279993,96.03100388413677,96.1050406372794,95.26171304738332
310.3503959,305.77237692100005,306.15003413839304,306.0742639717673,305.01104747847063
265.6949003,263.6293840160001,263.4434434174509,263.3511760891314,261.88965631040077
92.84837436,88.97267193749997,88.9589581384629,88.96678956145807,87.95060391630649
102.6790459,99.96822231300003,99.65556146946973,99.63565570604482,97.86867009844887
349.7452965,349.00177618099997,348.77235198919277,348.821219267316,347.5279733480899
269.5301133,265.57272531899974,266.8664079348491,266.9763779721829,266.51089684688844
345.8470022,344.5374399920004,344.97980379608487,345.3613402240319,344.5452444202475
291.5973834,292.32515766900013,291.7865981596007,291.8850167222191,291.9557420827162
46.74453019,43.86874662130001,42.667764807446616,42.68977282965545,42.075152838344046
279.061514,271.16855073300036,274.07819952054575,274.05665704093764,273.7533300425244
168.7156804,161.55844300599992,163.7040707504235,163.71124764675753,165.5095935615471
337.0168508,336.67814287000033,338.1717438654591,338.12490845638945,337.67520054867157
279.998199,282.4984286419999,281.1398750167509,281.19088100366923,280.649873916187
296.2449421,297.7806116020002,295.4286299829434,295.41860095038953,294.76430890100727
279.7149704,281.6202190860001,281.1668142889829,281.1997579638017,283.162295524399
71.40097342,71.88454853579991,74.67869294673925,74.74504161104547,73.22487939876493
292.8000064,291.4856481559997,291.92417244387207,291.82011446661664,290.58086258589077
61.65362493,61.442072102399955,60.51333289464225,60.46885726423537,60.45115172469931
184.2832675,183.97788231399988,185.01949437972928,185.07955964808897,183.87659579091402
263.5079422,266.66845249700015,266.8190003779203,266.9925703801389,266.8182703147042
262.2812906,261.05467292799983,259.66958074335025,259.8808663410407,260.2343184497875
96.04950486,94.23732528720012,92.39664838192549,92.56677637520208,91.43044332860826
190.2844643,190.7332899560002,192.09935600940852,192.217674069984,192.11558811867357
59.49515943,61.612719930199994,60.507048882447606,60.47522990067168,60.104384810591974
88.89097675,83.57502603309992,85.32485495626824,85.42960718746995,84.62619568379435
240.2914041,236.93374597499994,234.83042995495904,234.91966070472498,232.52318616028478
242.1359205,242.2447507890001,242.0991507207596,241.99455289076138,241.74023540132902
50.35337311,51.965933438500066,53.29114111780706,53.389825615271775,52.36772975871819
260.1810487,263.5378217780001,263.43040676759927,263.35369786807945,261.86674478842684
48.19920075,52.17985304000006,53.279134377136245,53.39581895964247,52.371103088951166
330.0737233,330.67697536700007,330.89493829723756,331.05737693470735,330.7758215737541
83.35221964,82.16244958559996,81.79909389260796,81.8488271464662,81.96720594289576
230.3210909,237.17331328899974,234.81420610728583,234.93511829441292,234.31224128762412
279.0002133,281.75675719400016,281.0344007765698,281.23148039555116,281.15204225928176
309.6042336,307.42330080799957,309.45110307974056,309.7414507833545,309.05438973140014
235.1678552,237.10452669799994,234.86697278329595,234.9252052990903,234.60629460317384
31.19940869,36.48175875109995,35.6013497795862,35.553767788606336,35.3785212625096
132.7269458,134.96652925299998,135.39822467043246,135.17201781984005,135.37851978895634
71.48069286,69.67393311500001,71.25955873451439,71.1317762458097,70.77790267647306
60.3119441,55.18954968790004,56.94154728229961,56.915205654366844,56.46635499917117
345.6002412,345.35879052299987,345.1928602000431,345.2687898408744,344.0635229190769
220.304746,228.42681858999995,227.59198141720893,227.86516644931515,227.3669375653984
331.4446076,333.30759238899986,334.6968844334767,334.5234826542237,332.9014149680035
121.8138666,123.55484460100003,124.43408771902892,124.6121397654446,124.64822322919856
114.2879723,117.88242965300007,117.59401062754797,117.37134614123144,116.64736119647385
143.856228,147.72240481599994,149.3487943228668,149.52208172388464,148.3917840648793
174.5142338,177.50305273199996,174.2596615071042,174.43949829876718,174.69263208819075
209.3645304,210.504714168,210.06060061828606,209.95858747411313,210.12670644044226
256.954759,259.72681401699987,259.7909792865212,259.83317327389636,260.05473951781715
283.2511074,272.61498040699985,273.936416872893,274.1092591397568,274.12902435672464
171.1083392,161.91551246399993,163.6214006494029,163.7492090122225,163.34292479945378
215.5833592,213.95155446799993,213.40504217380422,213.59164765688774,211.84906729819562
123.8685578,128.36618509000007,124.64456412744977,124.5268881790049,123.13125956921647
288.9961214,284.74946123000024,284.8301822171732,284.6921952078963,283.48599293819603
156.5390038,153.83444439699986,153.09469238234382,153.0101483653537,153.17001818752522
263.041024,261.8557319090001,263.137209748422,263.4790953079465,263.0543970526959
228.5424705,225.5318561299999,227.69823280533316,227.81054817691881,225.76557596841658
268.4892435,265.88152682099985,266.78884136644456,266.99774286980266,267.1380090493628
272.1369614,273.5870417960001,274.0171164209911,274.06541488827816,273.05822386556923
210.069569,214.12772355999982,213.34066018820943,213.62432759455024,212.663773078857
166.0603064,167.93148065900002,167.36861905102074,167.23708462246566,167.41048978924664
351.6684932,354.1486037709999,352.1659388577755,352.4534307341192,351.7451021408056
260.4652558,262.3422805310001,263.28166756070556,263.42104016962475,263.5381600373916
152.4930713,152.80384846199996,153.00756841588884,153.052744735351,152.96425430315952
308.2204699,307.90442529100005,309.7256363309557,309.62352628065173,307.827518096638
348.2742503,352.95350073400004,352.23154718428316,352.41940409176465,351.65377735597036
102.6531694,106.15902089799992,106.87356210925624,106.69594689186442,107.34611946321603
295.4963766,299.6461177110002,298.8496097273621,299.0303405811428,298.5288493121204
266.4656814,268.09745214899993,266.9762505285056,266.9270432774453,266.6301037244192
156.7943081,159.51253727900001,160.19102595673127,160.13311056790664,161.619263847877
194.5312641,190.90118693299996,192.3085982786339,192.13527803658832,191.4197665185518
351.4179127,347.6725390990001,348.6432382482427,348.876027106724,348.87541878097926
58.20951843,56.43991617940007,56.94080500284363,56.91377297480878,56.62193326213471
328.5450716,332.89882913000014,330.8959313704388,331.06504078270905,330.0120695790351
108.8523122,109.909625393,110.41460980833772,110.28617047368809,109.30867016228366
63.86148151,60.759034061099975,60.42332742698878,60.5034919230273,59.53685610168607
272.5490106,273.3930610779998,274.01089029297657,274.07177869938636,273.05603475153544
292.2098585,293.1961988519999,291.8822385833444,291.83885826554405,290.50460225287196
37.59292526,40.4671045621,39.115843599039806,39.12638802439682,38.80192496549188
48.15440304,46.319853706300016,46.3104428990348,46.20447511323394,46.11737043845748
139.5053064,138.09325482499997,135.0914888319209,135.2992411135387,135.49785756236983
140.9139961,141.16942951000001,142.30097076856788,142.37763566510364,141.0008806510471
123.5261126,126.55183932600008,127.90927829946703,128.20378530758205,129.36879069368638
185.8950197,183.7511133139999,185.1514423715149,185.0376793407705,185.12297019431887
210.5865244,211.162887991,209.82949448996396,210.04943436047316,209.55373513542298
68.12363535,72.50831608660005,71.115146779382,71.1782155333395,70.16479568477637
333.932421,331.315675623,330.99264543280697,331.01856407741775,329.89782360437624
234.9536246,228.42389619899978,231.107877047133,231.44459462354882,231.43445240085367
290.1991827,289.37756363,288.477714648247,288.21188434063487,286.91362994075
227.5510354,225.1994932569999,224.131615614669,224.2728122177369,223.18139863292555
226.6036939,227.18283278200016,227.8661390432155,227.73403382576586,227.71699200334433
222.1350124,228.5099766120002,223.97563684272598,224.3264435111863,223.9243326537985
233.6303792,227.3118737969999,227.74551216561707,227.79526764161713,227.21153493448196
227.245536,228.18303230799992,227.5660202201777,227.88066930872495,228.8465328562454
165.9920562,169.02296753400006,170.8340886876424,170.82166547188035,170.07220120784348
247.9725884,249.33026517299976,249.10070476839914,249.15044392361355,248.1655805416301
294.4679527,291.7672400549998,295.4120103792326,295.4082875060145,294.17785248119424
75.1029808,71.09955921099997,74.61606228512478,74.76571101908387,74.13372577910664
130.2854424,128.6581049659999,127.95266422941998,128.17614443628884,127.29177894615027
120.0024179,119.67894074799995,120.99283831706445,120.99065568178278,118.33152423826768
235.7711887,232.3958966029999,231.43167766707091,231.30724098342392,230.35873760888825
260.143266,253.84251936900017,256.22708079075653,256.27149014077116,255.8776171614547
228.0181448,230.44262978199993,231.42122416334317,231.30714129013035,229.9382892006144
82.87350391,78.92729101829998,78.34583949409085,78.26393904926307,77.86011050745759
355.5253057,351.0693748570001,352.1191647208736,352.47612381336705,351.22551105935776
253.9660258,257.721702714,256.2032168952776,256.2994397584004,257.11807259997585
288.9235024,288.1441159139998,288.20585100419106,288.3281233160744,287.6339610859043
243.3928083,243.69090566300005,241.88885807433894,242.06827524007352,239.9785942480314
217.368027,220.52303346400012,217.13427277362965,217.09551286595558,217.53977832719275
188.7232018,191.78558657499997,192.32419268925997,192.13466793566013,191.6474313329623
313.1932687,308.1331872199998,309.50631625720064,309.7158732015555,309.3221619757631
174.8805455,168.0632299730001,170.93735414079626,170.77909820826827,169.95422597958094
174.2680324,177.01068483499992,177.93617416459534,177.9676730035222,178.34703424763612
66.3938002,67.11955393689999,67.50194154443028,67.64127988328397,66.33776593855201
208.8963401,205.9557502309999,206.28556803207135,206.48662534275203,206.3767465420677
164.791014,165.4028772110002,163.78790421468926,163.69152750866076,163.64481795272548
194.0955015,191.61337610199996,192.05634566714906,192.24026023009978,192.38353570531746
187.4408659,191.64395116300022,188.50562441470905,188.68471552922114,188.37690084308133
124.1332061,128.13363328800006,127.98538363080647,128.17064812122564,127.53194680394633
321.1344333,322.17692281099954,320.4208076414551,320.2957276874066,318.64711734370206
265.8166987,267.04152711900025,266.84667718315717,266.9648105602953,264.80570707775473
266.4905429,263.936409144,263.1882287022112,263.4525505579579,262.2850498741945
93.4669033,88.97952308949995,88.98587301595055,88.951226507217,87.97354619254943
212.4125063,211.59466593100015,213.57750133287615,213.5336500465585,213.7649955814935
81.43265885,83.50396660839996,81.79106416699601,81.85341897727103,81.86283500673787
48.15867528,47.308038046700034,46.20358491396573,46.26405925140645,45.658220872222884
273.7063026,268.753172467,270.50725461415334,270.4850832679654,269.025042625357
216.9048322,225.69918694399976,224.2743710147957,224.19879912156864,223.28586169004035
144.4035676,141.14975062099998,142.3737418988479,142.33771921970757,142.17871155307506
195.8963478,196.80687566700016,195.78962969024727,195.7377368616121,195.44270582516742
220.6092421,219.0260241150001,220.43188006706754,220.760329905954,220.41643607218595
44.26360954,45.09948387240001,42.67718841884596,42.694242466994496,41.97127354303217
118.4636653,115.92566337000002,117.36275507225166,117.46684751737098,116.73999584111334
320.8831438,320.4063847909996,320.1790783791506,320.3985102435694,319.72518666934565
80.75858475,79.72636328849991,82.0146051398818,81.78032528313757,83.31071480716359
236.1821108,237.75077962299994,238.39552235388874,238.492968686869,238.77373537538872
43.69948833,42.35500119629997,42.66521047994047,42.687414088350835,42.09244792756572
209.5932192,209.54193055900018,209.93170098595678,210.00334801081948,209.23124577846818
348.4970199,344.77706111600025,348.6984193603605,348.8520085269822,348.1310472896769
216.626332,214.35142037900016,213.67445696847966,213.49135974396688,212.08846763138678
226.7274918,227.34865277100005,227.83500112937008,227.74820022567863,226.83717734315383
213.4828328,208.30251527299984,209.79334238991774,210.06927735963404,210.46654711948466
102.160097,106.49892846800012,103.45865144139958,103.09059181252364,102.34544708737823
44.85165197,47.12271712410002,46.31466675055782,46.20922411540812,45.81102643715737
106.9208496,107.47071767500002,106.7204342857227,106.77570016558609,105.37122918144397
97.08322836,102.9743006475001,99.59044144604923,99.65324422231689,99.7746757410937
234.3288131,235.6803413460001,234.84755191956623,234.93145938881764,234.84452269478385
305.7983315,306.4385105019999,306.14883308132585,306.072699268951,304.66700090572976
101.9046011,105.5890945370001,103.35588010047996,103.12975103972626,100.24547902702064
287.637807,290.58587333599974,288.1299470677119,288.3703918061319,287.82640071204366
150.5288403,148.68734323599995,149.42351479929067,149.4939956263786,148.53085293808007
329.6953424,330.0336112900001,327.373884587106,327.482663536554,326.94166210681936
231.3702065,228.42389619899978,231.02247366517676,231.4769379676504,232.62643297465056
343.9108493,341.62750428500027,341.6281120958592,341.71398815939745,340.75165753927917
104.4279501,107.27138003500009,106.68465205046408,106.79457510682909,106.5617672137406
98.98876975,97.15973665199999,96.08667391879392,96.06771144955707,94.93626940495193
127.5466597,128.04160857099998,128.16351688398169,128.10061433772557,126.41784064080402
55.57428349,49.75698769400002,49.775105086853046,49.81247634972462,49.016579426370214
69.34213329,67.10103018259991,67.67182159848527,67.5693908684983,66.97315185600758
124.595707,119.28313835000004,121.02642087312464,120.98983262936108,119.11462463053012
134.7922876,136.74294540300014,135.08823164075247,135.29705466148602,134.99916554491233
232.8098953,224.80655421800003,227.68616299072312,227.8227820061168,228.46184094645793
276.098803,276.89466878900015,277.6343639935102,277.6057990941323,276.22954349071176
113.5480982,109.04417277300011,110.47294993873804,110.25384236635068,108.33757451990694
139.8343646,137.31421839499987,135.02096272262375,135.32633510280948,136.4016054168515
72.18106625,67.62484139510006,71.08744837481842,71.197554323951,69.66895334205346
157.4058687,159.90524803200006,160.013676256571,160.20441110909283,159.15347084589422
148.4648245,148.14837348700001,149.29480075489883,149.5451076875078,148.77942747800952
163.5669052,168.0363304639998,167.06938618667553,167.35661669600148,167.80111736420014
232.6205345,235.76478071799997,234.85451454936543,234.90788114497735,233.17555115471464
310.8965435,310.00389577600015,309.7322224425987,309.612376341193,308.5039386492064
33.69268793,37.9358289696,39.228872047584446,39.07947362009634,38.512765061676184
333.9225156,337.8381008510003,337.9592560157341,338.20320402112714,337.4898493525882
223.2988655,223.91770979099977,224.26199683507625,224.2205201191404,223.81116648159696
236.7567928,233.9458346450001,234.6746120461418,234.99003737445696,233.3232598254778
237.559992,236.2816626460002,238.2372924872514,238.55000921382543,236.85486399701114
351.8627923,347.19507243800035,348.57339256782825,348.9201885561348,349.48637649404264
150.6264947,154.126441969,153.05193226462023,153.02531486381773,152.97159188469482
229.952856,224.91006090900018,227.9119144024277,227.7184265792809,227.13906239734212
188.1511842,189.23406709899996,188.64251415075404,188.6240803899976,189.16321142680619
333.3198427,330.03163736799996,330.85658543369544,331.0728094356523,331.1547556584831
311.9119717,311.567408037,313.1686520813701,313.2438195509993,312.72467709865833
187.4514522,189.65213424599997,188.6148020424136,188.63759459960886,188.8053289188486
48.27654502,53.42638686120005,53.36907036106146,53.36354619106305,52.907530612009914
83.77156783,82.77290724030003,85.2503131527166,85.45846661379578,84.49774455343488
198.5214102,190.74332054,192.01817444974944,192.25386224035037,192.25559174437058
318.7117311,316.7799228960002,316.8097500253556,316.7608562965083,315.78616754511944
308.8262499,312.24011113299986,309.5697474837685,309.6922911168557,309.2358374937221
303.2443019,301.79034875300016,302.5538657897964,302.5173501517343,301.1858462045861
354.7647676,357.2272898510001,355.7452277419844,356.01238779754397,355.0030570066094
287.9321491,289.2737240570003,288.1835181602788,288.34330060092776,288.31411253776423
327.3869317,322.0485522380002,323.60050346743753,324.00363164172916,322.1238749334339
210.3024538,204.88799226600014,206.4012807462223,206.4389482721137,206.858716924445
249.0581027,244.23115580900011,245.49813640445763,245.59913187577953,244.1769874383458
136.2445207,140.75126802099987,135.1871325396407,135.2634055959019,135.6095934541318
77.40214925,84.57930864439997,81.74669216186103,81.88434992081363,80.24248191293223
336.5236729,333.6937244979995,334.5206571068202,334.5952764246958,334.39233509304114
280.8588623,279.1258417640001,277.5795178118193,277.63492105953947,277.714702724945
150.8313558,152.647484948,152.8134118423413,153.12427723702896,153.23115590894812
99.09562263,99.53718752260005,99.69939937668174,99.61695548146979,98.84164478167443
185.0487647,181.59411641999992,181.4501616895665,181.53722325976634,181.554420718269
302.4055182,299.33863517500004,298.8275015634444,299.0441988908931,298.3940839299175
309.9038963,314.42604225200006,313.32292308539814,313.1617310970755,312.6024602686886
152.9496029,149.24863688299996,149.34026023129883,149.53427339634683,150.22206388567946
63.09085922,62.33954462719995,64.14670703278613,64.00399009062633,63.757451483985854
178.557418,179.49794951899992,181.5516278690761,181.48967351250096,181.764105309319
322.3739491,322.161202625,323.81345765019336,323.9184307233431,322.8545547424322
81.00013719,75.71941849400001,74.67389845699137,74.74133436737677,73.91442236527159
219.5681841,226.08286052499992,227.7740170520487,227.79093179562233,228.17226411253176
139.9859534,143.70837611099995,142.44885130130513,142.3246329458037,141.3032544169933
305.6362173,309.8258870450002,309.69314437944456,309.6208164341559,309.618285394162
82.95910852,85.60450554079998,85.56504630853419,85.32447461767825,82.45227156933446
211.203686,214.23926701599999,213.51657710477807,213.55129093375206,212.70635345066367
176.7169009,176.50986806899996,174.30210464751784,174.42395589213413,174.6122061826736
193.0599147,190.1436958809999,192.29039943968726,192.15096073528818,192.40498929324258
198.5276446,196.47626863200028,195.6156341892134,195.8116450824704,196.54500254147234
100.2771075,95.74664484319993,96.05052196076309,96.09094766755474,95.38854382972896
295.5055495,297.37000063700015,295.4317058190253,295.39340093145245,295.0440403693579
300.5450207,300.30643719299985,298.8090824094395,299.0414665306132,299.0981667935856
270.3551046,269.32715400600034,270.4994590567803,270.5007847698548,270.42475232813746
264.5922333,261.9982601099998,263.4062646670218,263.3782853694246,262.7707341054098
132.9857305,130.66688497599995,131.616891580497,131.69542394025774,131.04619550046522
238.3346609,237.92905903200008,238.30081043770176,238.5293447555303,238.8245885165618
292.313545,292.3769187979999,295.3103795747129,295.4537675313675,294.9174762455984
336.4318516,339.4864575970002,338.0523194282963,338.1447157634446,337.84347445963107
74.80941764,68.68468557669995,71.17250066296536,71.16234623872901,69.83994738543178
207.7180998,210.97863702699996,209.90811965363264,210.0236560292543,209.5136894754633
209.9240389,206.554004905,206.23289216524273,206.50744956068485,206.78152776363217
199.6925537,200.8757785799999,199.11684730262076,199.38411915703801,198.95729715044794
289.653414,287.8546933720003,288.42892315333756,288.247246073594,286.97370674865857
73.67573204,73.65916022570002,74.62201811387317,74.75928154818125,73.56032606327717
32.56682505,35.94659971760003,35.62666752847977,35.54197741763312,35.498506209498565
219.8899849,218.62175480699997,220.62788783657555,220.66602123588035,218.83180117865942
74.25911521,75.98914846639995,74.80684419815606,74.67817493960457,73.51288471820313
162.8790751,162.16468157400013,163.6020331902283,163.76180266650914,163.15810998925662
139.3446605,133.60589326799996,135.28293627289517,135.2115533236731,135.1927547569477
259.9760791,254.6343549460002,256.38321448248223,256.2010389560181,254.43819063925693
251.2359124,250.5161031479998,249.22021905985235,249.10474934884826,247.53968331399784
111.453157,112.855153004,113.85492502073366,113.88669929018656,113.50348836221298
86.43456078,91.60850370819992,89.05433117846353,88.91500012946256,86.0250601807325
261.9314465,262.7915811689999,263.288167541823,263.40548365862605,261.23819562874695
84.70733843,81.21753432100004,81.82065565606236,81.85439413702699,80.48630898216301
153.5383231,152.36486290499982,153.1866207195562,152.9723431587585,152.37744603477088
289.0364803,287.1802368269999,288.23220429120596,288.322432688256,288.22748028122663
214.5606694,211.58210316000023,213.57325642111516,213.53819990251822,213.96987205988705
101.0405115,104.16048833610003,103.26878578013654,103.17578681020015,102.1948876767313
170.671078,168.5230105919999,167.14046518816758,167.32682648776265,166.35298293993392
318.6274849,317.86697666199973,320.24261573893256,320.3703789662932,320.37416437851647
261.0148949,266.14346888100005,267.022808171356,266.90485949785466,265.5705705962051
203.4137119,204.1563429510002,206.62083615862116,206.33804493413308,204.83996046008627
282.7108546,280.8769328730001,281.0206462944543,281.2532909142139,280.9385736063322
238.7203655,238.2734169190001,238.27078158359097,238.54619672178802,237.6489376834191
119.0000482,120.28173666000015,120.83068790257241,121.06820647866093,121.5797357377276
